Episode,Total Reward,Steps,Loss
1,2,35,0
2,4,4,0
3,292,533,1.1231724533576277
4,52,65,0.42648249096595325
5,108,130,0.14595619356259704
6,376,524,0.31632323102858484
7,44,66,0.313607251948931
8,16,16,0.383440030971542
9,16,16,0.338927410019096
10,16,16,0.14345890952972695
11,16,16,0.24718799127731472
12,551,1068,0.6214930256584499
13,22,33,0.4556225815957243
14,88,132,0.3629050985063342
15,240,537,0.5209095691342871
16,120,269,0.5755037380430889
17,10,34,0.7915415072484928
18,8,8,0.580666552297771
19,16,16,0.4855623245239258
20,16,16,0.5441174991428852
21,162,265,0.5253087358092362
22,44,66,0.7787831106194945
23,2,2,0.4422604888677597
24,16,16,0.3224792219698429
25,56,135,0.4289132045099029
26,164,265,0.3587304976540354
27,2,2,0.10371159017086029
28,16,16,0.3798972654622048
29,266,536,0.49544977745625063
30,4,4,0.10691745392978191
31,182,263,0.4568159642696607
32,368,526,0.29313328747456974
33,22,33,0.3272533475449591
34,8,8,0.2157495692372322
35,114,129,0.15429626629045307
36,16,16,0.08111318724695593
37,6,17,0.22239312518607168
38,32,67,0.19219500599290007
39,16,16,0.4300855128094554
40,22,33,0.29518905914191046
41,76,133,0.31296737780584427
42,150,266,0.370061684890013
43,8,8,0.46214690804481506
44,16,16,0.21460357680916786
45,511,1071,0.2976181143138255
46,86,132,0.26402055189916585
47,112,270,0.44196681772117263
48,4,4,0.27194100618362427
49,74,133,0.3940577280420558
50,356,527,0.3603932952660311
51,106,130,0.32507241491514904
52,96,131,0.3400027178626024
53,8,8,0.14188210293650627
54,22,33,0.3559042007634134
55,64,134,0.29540228757506876
56,4,4,0.5090404078364372
57,180,263,0.22577457971332646
58,-2,9,0.09657474441660775
59,54,65,0.29380744558114275
60,24,68,0.21286807077772477
61,639,1059,0.2710649715217641
62,2,2,0.8511914014816284
63,2,2,0.4046879708766937
64,8,8,0.5505552291870117
65,16,16,0.5136677790433168
66,378,524,0.31236484227346556
67,20,33,0.35349141467701306
68,76,133,0.3408171403452866
69,-4,18,0.3976253755390644
70,2,2,0.2189767137169838
71,32,32,0.4245211658999324
72,4,4,0.6831268444657326
73,54,65,0.4117266056629328
74,312,531,0.30210498048311796
75,32,32,0.17209936561994255
76,8,8,0.12857794761657715
77,344,528,0.2537629739028599
78,4,4,0.41737115755677223
79,8,8,0.28008382534608245
80,8,8,0.3503037206828594
81,74,133,0.24394260184433228
82,74,133,0.48844233457755326
83,8,8,0.3524080961942673
84,380,524,0.29372103674379924
85,158,265,0.22037781579595692
86,8,8,0.2923621591180563
87,64,64,0.16669310233555734
88,66,134,0.2826837550626317
89,86,132,0.22192171949780348
90,338,528,0.24065737168050624
91,8,8,0.23416488524526358
92,4,4,0.8237986415624619
93,326,529,0.3608235930337347
94,174,264,0.22338888610741406
95,108,130,0.2705534029465455
96,54,65,0.19715107965927858
97,4,4,0.12480267137289047
98,671,1054,0.2244756186532963
99,420,520,0.1982010633398134
100,324,530,0.191681685685268
101,2,2,0.09558786824345589
102,54,65,0.610123271208543
103,4,4,0.42786915600299835
104,4,4,0.4118681699037552
105,106,130,0.4239772808093291
106,96,131,0.28856560212510235
107,6,17,0.4256170519134578
108,4,4,0.24593885987997055
109,8,8,0.2128047477453947
110,2,2,0.17299745976924896
111,194,262,0.20688663494154697
112,2,2,0.8089384436607361
113,2,2,0.498536080121994
114,6,17,0.5257241489256129
115,54,65,0.31666021518982373
116,597,1063,0.24153942278361162
117,2,2,0.5937867313623428
118,699,1053,0.17111075439924642
119,735,1050,0.15486168109590098
120,96,131,0.14409810890450733
121,382,524,0.14838893294960032
122,32,32,0.5991521263495088
123,84,132,0.4316993400906072
124,22,33,0.3513390986305295
125,2,2,0.21463637799024582
126,635,1060,0.23746387857662618
127,78,133,0.17597432291709392
128,2,2,0.30494678020477295
129,408,522,0.17270178953007262
130,22,33,0.08754671489199002
131,8,8,0.08700320776551962
132,4,4,0.5465637966990471
133,126,268,0.3388891652115245
134,16,16,0.2671474236994982
135,2,2,0.16537108272314072
136,8,8,0.25352057442069054
137,4,4,0.15828276425600052
138,170,263,0.2152869216106237
139,2,35,0.2023922752056803
140,144,266,0.25998391552751227
141,42,66,0.23219976190364722
142,6,17,0.36719850757542777
143,579,1065,0.2312020848054841
144,4,4,0.675211813300848
145,2,2,0.14714007824659348
146,296,533,0.2100909381168309
147,8,8,0.1636344576254487
148,86,132,0.2081031995176366
149,342,528,0.18799011020526063
150,192,262,0.18750266368209406
151,4,4,0.12730929255485535
152,2,2,0.6694572865962982
153,44,66,0.4144193055954846
154,192,262,0.2795288325891695
155,104,130,0.23842630254534575
156,2,2,0.44108113646507263
157,22,33,0.17237891414851853
158,8,8,0.18217803351581097
159,44,66,0.1424493554866675
160,16,16,0.1385787157341838
161,92,131,0.17998151734243822
162,8,8,0.46605683118104935
163,32,32,0.34316181670874357
164,66,134,0.30397190153598785
165,10,34,0.23508135010214412
166,2,2,0.17685258388519287
167,86,132,0.2440817653003967
168,34,67,0.2334221211164745
169,679,1055,0.16773522546717906
170,8,8,0.1442377083003521
171,16,16,0.09920522407628596
172,336,529,0.2946586693251516
173,2,2,0.11675567179918289
174,62,64,0.16527672426309437
175,701,1053,0.15497060670939267
176,4,4,0.1125061996281147
177,2,2,0.07988782599568367
178,20,33,0.1622661699851354
179,54,65,0.17203983813524246
180,192,262,0.17644733069677845
181,32,32,0.15225468133576214
182,747,1048,0.20409778342049084
183,2,2,0.13044361025094986
184,4,4,0.1280051190406084
185,16,16,0.09658506000414491
186,8,8,0.12091682618483901
187,8,8,0.13926463574171066
188,8,8,0.12307430244982243
189,40,66,0.12212478928267956
190,623,1060,0.1711180511932328
191,691,1055,0.17039258714888897
192,651,1058,0.22572831384527772
193,4,4,0.14548591151833534
194,699,1053,0.12561638131100908
195,16,16,0.1043045693077147
196,84,132,0.13805913747372953
197,280,534,0.15319505841070125
198,16,16,0.16418761759996414
199,2,2,0.10609959438443184
200,218,259,0.15740343831968584
201,86,132,0.16621797266557362
202,4,4,0.5078775882720947
203,8,8,0.3417420759797096
204,96,131,0.35645002615815813
205,16,16,0.32717878092080355
206,655,1058,0.17454518654536885
207,731,1050,0.1286279009176152
208,88,132,0.10553047419384573
209,74,133,0.1210540065023684
210,8,8,0.12639146205037832
211,695,1055,0.1380764690867815
212,8,8,0.4400886707007885
213,2,2,0.3049294203519821
214,8,8,0.3353574760258198
215,703,1053,0.18216426799680546
216,8,8,0.10898395301774144
217,376,525,0.11186074459127017
218,44,66,0.08723117975574551
219,2,2,0.07422979548573494
220,669,1057,0.13616777537434643
221,4,4,0.1292894147336483
222,8,8,0.48107609152793884
223,4,4,0.3625134527683258
224,56,135,0.3232993909606227
225,150,266,0.24902649403066562
226,8,8,0.22288506105542183
227,168,264,0.1754734034254921
228,681,1054,0.1223313569761035
229,8,8,0.15548329567536712
230,8,8,0.08739747479557991
231,356,527,0.11232640367333531
232,4,4,0.6179436668753624
233,8,8,0.414117943495512
234,86,132,0.35387645616675867
235,2,2,0.2128475159406662
236,8,8,0.2696550339460373
237,366,525,0.18045602095269023
238,158,265,0.15712574485619113
239,190,262,0.12117570091238003
240,330,529,0.12305327491493216
241,22,33,0.12093485609600038
242,54,65,0.334902363557082
243,4,4,0.2609420157968998
244,44,66,0.2783507210287181
245,16,16,0.21597835887223482
246,2,2,0.24045874178409576
247,82,132,0.21349259832817497
248,22,33,0.15729279906460733
249,76,133,0.1728192126952616
250,172,263,0.15827915198506057
251,68,134,0.15819799938975876
252,324,529,0.23110040450479222
253,54,65,0.1340350332741554
254,32,32,0.1313838865607977
255,158,265,0.16260668805466508
256,10,34,0.15711897984147072
257,4,4,0.3761738911271095
258,8,8,0.23621151875704527
259,318,530,0.16438874884174678
260,4,4,0.11787784099578857
261,4,4,0.1549133975058794
262,16,16,0.3730284944176674
263,82,132,0.28039648112925614
264,655,1057,0.1882991102773453
265,-2,9,0.13670111944278082
266,2,2,0.10570239648222923
267,4,4,0.13426156342029572
268,20,33,0.11363835226405751
269,44,66,0.1305776180304361
270,138,267,0.1282563568668419
271,172,264,0.14723450356078419
272,8,8,0.5770428515970707
273,20,33,0.4943561680389173
274,4,4,0.3810903951525688
275,172,264,0.32014634894828004
276,352,527,0.18133448085533826
277,42,66,0.13741604080705933
278,8,8,0.08837052062153816
279,32,32,0.11669425235595554
280,368,526,0.1331364121217238
281,382,524,0.13054360787007419
282,16,16,0.5276429746299982
283,16,16,0.43644505739212036
284,202,261,0.3105296659857834
285,182,263,0.18104603756289972
286,54,65,0.1951863863147222
287,20,33,0.18685142131465854
288,16,16,0.16974264569580555
289,8,8,0.13938740082085133
290,94,131,0.14549170570974132
291,4,4,0.12228430807590485
292,16,16,0.38001766987144947
293,310,531,0.22908751387324486
294,342,528,0.18395581340530154
295,86,132,0.14908945791874872
296,22,33,0.16919875359444908
297,641,1058,0.16771523010105402
298,14,16,0.22111217794008553
299,4,4,0.17580218613147736
300,32,32,0.12093755486421287
301,4,4,0.11581590585410595
302,32,32,0.4139577033929527
303,8,8,0.35306575894355774
304,320,531,0.2700200569438845
305,4,4,0.1639991570264101
306,2,2,0.15520943701267242
307,16,16,0.14608205016702414
308,8,8,0.3041034583002329
309,4,4,0.4752993956208229
310,348,527,0.1691355770577516
311,326,530,0.15078873966802966
312,8,8,0.5023564025759697
313,8,8,0.6523012071847916
314,164,265,0.3590307695685693
315,154,265,0.23620197056037076
316,2,2,0.1035563088953495
317,2,2,0.20859938114881516
318,14,16,0.18542636558413506
319,352,527,0.1645860944006882
320,176,264,0.1661921706417519
321,697,1053,0.13898509577029905
322,34,67,0.45278045223720037
323,74,133,0.3757172150159241
324,8,8,0.3069141376763582
325,328,529,0.2290124464040668
326,74,133,0.14709060549511946
327,32,32,0.12952936277724802
328,8,8,0.14733486995100975
329,2,2,0.21033646166324615
330,174,264,0.1503035897445498
331,4,4,0.23720618709921837
332,4,4,0.42238549143075943
333,8,8,0.37402852810919285
334,4,4,0.4686115011572838
335,2,2,0.3255285322666168
336,354,527,0.2716957625758037
337,172,264,0.19493557933266414
338,108,130,0.15230315032486733
339,180,263,0.15669190298638416
340,64,64,0.13536214956548065
341,80,132,0.13951392454857175
342,4,4,0.43004409223794937
343,64,134,0.3624242370697989
344,647,1058,0.2049038010299037
345,703,1053,0.15535390233764282
346,20,33,0.1511645791205493
347,44,66,0.15974286012351513
348,308,531,0.18772510321295194
349,8,8,0.2877575531601906
350,104,130,0.17475554656523926
351,6,17,0.15505601334221222
352,30,32,0.5779997827485204
353,2,2,0.4571571946144104
354,2,2,0.3682553172111511
355,86,132,0.4271061528812755
356,4,4,0.3142964020371437
357,8,8,0.3499797359108925
358,32,67,0.2801711730547805
359,96,131,0.24639274151498125
360,182,263,0.2256630744940881
361,282,534,0.1509616103734863
362,6,17,0.42142610514865203
363,4,4,0.3437250182032585
364,174,264,0.34757151251489465
365,66,134,0.2973933932718946
366,16,16,0.27820566669106483
367,2,2,0.3103027194738388
368,6,17,0.23599814053844004
369,737,1049,0.15710280096252494
370,16,16,0.16941118938848376
371,2,2,0.2428814433515072
372,20,33,0.41003419413711084
373,2,2,0.39940814673900604
374,8,8,0.344380347058177
375,16,16,0.3750846963375807
376,4,4,0.30989615619182587
377,16,16,0.36322537902742624
378,32,32,0.3603193792514503
379,54,65,0.3360906172257203
380,705,1053,0.1841404674201496
381,16,16,0.25553914764896035
382,2,2,0.5191424340009689
383,94,131,0.403142660514999
384,266,535,0.2520500438792683
385,40,66,0.2640410643635374
386,16,16,0.18281790800392628
387,6,17,0.19650034387322032
388,180,263,0.1870555145658921
389,300,532,0.1703034118448097
390,316,530,0.17365676414854123
391,86,132,0.19661875148162697
392,32,32,0.5247175814583898
393,12,34,0.4175410279456307
394,681,1055,0.23891473277626443
395,314,530,0.1645638419631517
396,673,1056,0.16226404326064794
397,4,4,0.16185922920703888
398,16,16,0.13583275070413947
399,8,8,0.13089921604841948
400,4,4,0.11348611488938332
401,4,4,0.13293065503239632
402,54,135,0.5262176107477259
403,16,16,0.39368939213454723
404,12,34,0.39630021286361355
405,613,1061,0.2252332816544734
406,8,8,0.13405558001250029
407,6,17,0.17180754726423936
408,8,34,0.15936743029776743
409,687,1054,0.15317073097519676
410,32,32,0.26029301760718226
411,2,2,0.19250862300395966
412,8,8,0.7281769216060638
413,150,266,0.5474910275604492
414,366,525,0.2607549070886203
415,318,530,0.17107328014834872
416,2,2,0.14464814960956573
417,4,4,0.1161559484899044
418,186,262,0.23804699288297246
419,22,33,0.2283559667341637
420,16,16,0.22170256730169058
421,4,4,0.20702343434095383
422,338,528,0.3628097124059092
423,16,16,0.27845755126327276
424,2,2,0.2954121530056
425,90,131,0.19909286516085836
426,2,35,0.16280468042407717
427,74,133,0.1937529551691579
428,72,130,0.19400365748084508
429,4,4,0.1622048243880272
430,2,2,0.16548407077789307
431,108,130,0.36296740334767563
432,32,32,0.5992364920675755
433,54,65,0.8882182304675762
434,42,66,0.5947341769933701
435,729,1050,0.2617740764646303
436,8,8,0.18205140810459852
437,98,131,0.1549800515800487
438,352,527,0.22999358532041933
439,64,64,0.18584155349526554
440,198,261,0.19772044953201465
441,731,1050,0.2052822771100771
442,42,66,0.5826580560568607
443,8,8,0.5266302451491356
444,4,4,0.5690838545560837
445,4,17,0.6719289018827326
446,4,4,0.7259291708469391
447,679,1056,0.2784061607918843
448,190,262,0.2188659922312234
449,30,67,0.20147227807276286
450,2,2,0.48965218663215637
451,94,131,0.20852656338278575
452,6,17,0.7505916216794182
453,663,1057,0.3326721332593695
454,146,266,0.21135329690418744
455,32,32,0.18619471578858793
456,44,66,0.19892969998446378
457,8,8,0.26555125415325165
458,8,8,0.15727772563695908
459,-2,9,0.1974377301004198
460,32,32,0.19694538647308946
461,324,529,0.16514889018465756
462,22,33,0.5864904486771786
463,2,2,0.8626202940940857
464,86,132,0.5444030438860258
465,4,4,0.4973694905638695
466,8,8,0.46589913591742516
467,8,8,0.5160268992185593
468,2,2,0.3915204852819443
469,2,2,0.3166709840297699
470,352,527,0.3436470375567731
471,2,2,0.17169814556837082
472,8,8,0.8951475955545902
473,673,1056,0.34497294050754246
474,4,4,0.1609487384557724
475,99,168,0.21598127630672284
476,94,131,0.5112162844370339
477,2,2,0.2376672476530075
478,4,4,0.2943611592054367
479,32,32,0.25595007091760635
480,177,239,0.33942873523449796
481,4,4,0.2976537272334099
482,44,66,0.5265383481076269
483,8,8,0.5521236695349216
484,16,16,0.5847749747335911
485,324,530,0.5096682844015787
486,4,4,0.27121552079916
487,2,2,0.1977330446243286
488,16,16,0.26305633317679167
489,316,530,0.37528238735109004
490,16,16,0.23557322472333908
491,2,2,0.27367234230041504
492,34,67,0.8073914273461299
493,4,4,0.79302878677845
494,84,132,0.6376599251772418
495,16,16,0.48336852714419365
496,38,66,0.5862622983527906
497,4,4,0.5728309750556946
498,571,1066,0.31229878681769513
499,649,1059,0.24588663107077957
500,86,132,0.2568248124849616
501,16,16,0.2086055325344205
502,324,529,0.6035195693007489
503,4,4,0.36280523613095284
504,284,534,0.31540193407332406
505,655,1057,0.281183214475777
506,6,17,0.2002326999517048
507,2,2,0.22500424832105637
508,-4,18,0.2783794891503122
509,633,1060,0.2662388633233759
510,96,131,0.26733302853944646
511,304,532,0.2503051345229597
512,4,4,0.9715008586645126
513,32,32,1.0723526366055012
514,8,8,0.9325426667928696
515,4,4,0.8690054267644882
516,2,2,0.8169461190700531
517,8,8,0.9964357390999794
518,4,4,0.7673870921134949
519,382,524,0.5434504997354882
520,609,1062,0.2873826026425411
521,649,1058,0.25937914421574154
522,22,33,0.8856133674130295
523,645,1058,0.48261844640023766
524,54,65,0.29426460953859185
525,138,267,0.2692875736829047
526,643,1059,0.26110395343096554
527,176,264,0.25672704667191615
528,236,538,0.32565763465312336
529,22,33,0.25439436598257587
530,172,264,0.31179277644012915
531,178,263,0.24605885473834244
532,326,530,0.6696949415330616
533,174,264,0.3101390167845018
534,16,16,0.32505952659994364
535,8,8,0.3830195236951113
536,354,527,0.28163312847745486
537,8,8,0.27549776062369347
538,4,4,0.23905840516090393
539,42,66,0.34927826216726593
540,8,8,0.22080641239881516
541,2,2,0.24478140473365784
542,6,17,0.7083691849428064
543,4,4,0.7300449758768082
544,647,1058,0.4329099382057307
545,4,4,0.5582063794136047
546,174,264,0.28517757316656184
547,8,8,0.21763967536389828
548,16,16,0.2167675532400608
549,8,8,0.22967250645160675
550,344,528,0.2601536409506066
551,2,2,0.1915811002254486
552,98,131,0.878295482797477
553,296,532,0.4764558579352565
554,122,269,0.32159603074137605
555,182,263,0.3378224723012728
556,2,2,0.44076184928417206
557,62,64,0.28816017624922097
558,44,66,0.2945641362757394
559,16,16,0.4209273341111839
560,8,8,0.2925868257880211
561,665,1055,0.2466005319738275
562,196,261,0.7226844094265467
563,16,16,0.503986669704318
564,364,526,0.39911952858415395
565,140,267,0.3065858810916822
566,651,1057,0.262112107843358
567,237,330,0.2903479147363793
568,2,2,0.2110418677330017
569,6,17,0.2657029738321024
570,22,33,0.22809117806680274
571,22,68,0.2809137192499988
572,8,8,0.9045142009854317
573,4,4,0.9473986774682999
574,206,261,1.1536674805527902
575,32,32,0.5883170766755939
576,322,530,0.45892493062705364
577,8,8,0.4226757287979126
578,4,4,0.22476805374026299
579,44,66,0.36938522485169495
580,4,4,0.3014185279607773
581,4,4,0.29394054040312767
582,72,133,0.7656416115456057
583,2,2,0.7687572538852692
584,2,2,0.9180614650249481
585,96,131,0.7017186729962589
586,68,134,0.47545257277453123
587,8,34,0.4088139130788691
588,6,17,0.4724205486914691
589,8,8,0.4868026562035084
590,8,8,0.39157041907310486
591,4,4,0.3936926946043968
592,2,2,0.8655661344528198
593,16,16,0.7751793656498194
594,20,33,0.8134462616660378
595,32,32,0.6325241252779961
596,4,4,0.5902813076972961
597,4,4,0.7855980843305588
598,8,8,0.7047641202807426
599,202,261,0.6059158923982204
600,88,132,0.4015263549306176
601,84,132,0.3698550353221821
602,404,522,0.6162776427479083
603,2,2,0.4116910994052887
604,673,1056,0.3461591113838508
605,362,526,0.3565150483479518
606,22,33,0.29979237417380017
607,22,33,0.40577400453162915
608,44,66,0.3475856679407033
609,86,132,0.34649580920284445
610,20,33,0.34652287625905237
611,4,4,0.22332989051938057
612,20,33,1.0007457155169863
613,8,8,1.0378011614084244
614,32,67,1.0048543108043386
615,667,1056,0.46160170768218284
616,2,2,0.1727687418460846
617,2,2,0.2099282070994377
618,8,8,0.3430893402546644
619,741,1050,0.306960763775167
620,54,65,0.3168235898017883
621,6,17,0.4045495469780529
622,44,66,1.1805336619868423
623,687,1054,0.507380544460702
624,685,1055,0.33906662947193705
625,108,130,0.3357851982116699
626,10,34,0.2978096332620172
627,2,2,0.25981923192739487
628,32,67,0.3051405709181259
629,2,2,0.33370447903871536
630,82,132,0.3592266915648272
631,8,8,0.28581238351762295
632,4,4,1.3270635306835175
633,396,523,0.7317890265019856
634,16,16,0.4075099229812622
635,104,130,0.4056572837325243
636,140,267,0.33557392528441066
637,8,8,0.2779657542705536
638,8,8,0.30567132867872715
639,78,133,0.36787601229839756
640,2,2,0.3805703818798065
641,200,261,0.3726260968665967
642,705,1053,0.5399271824307817
643,32,32,0.3062690435908735
644,16,16,0.3781864419579506
645,4,4,0.40860141813755035
646,6,17,0.3209073385771583
647,154,266,0.30038523153030783
648,4,4,0.4065387025475502
649,370,525,0.31504790795700893
650,2,2,0.3183492422103882
651,12,34,0.3312335093231762
652,160,265,0.9055446841806736
653,332,493,0.5188354004106464
654,16,16,0.39112106151878834
655,2,2,0.39486151933670044
656,12,34,0.4214111811974469
657,2,2,0.21963534504175186
658,64,64,1.0830067051574588
659,2,2,0.5234186500310898
660,16,16,0.6207733675837517
661,4,4,0.39333464205265045
662,28,67,1.1000608001182328
663,32,32,1.0923746936023235
664,663,1058,0.6701285901333298
665,653,1058,0.4485912085537198
666,4,4,0.34526629373431206
667,6,17,0.5567710688885521
668,8,8,0.46406782045960426
669,32,32,0.5284639657475054
670,16,16,0.4456666186451912
671,8,8,0.4218303728848696
672,8,8,1.1127680540084839
673,2,2,1.1227643191814423
674,293,436,0.9566835979802892
675,94,131,0.9253959075640176
676,22,33,0.5151062616796205
677,302,532,0.6341149343695855
678,6,8,0.4676637835800648
679,332,529,0.4116028777142328
680,84,132,0.45210725023890985
681,322,529,0.4187639900157492
682,16,16,1.596323661506176
683,655,1057,0.7203218356804004
684,22,33,0.4088325315352642
685,4,4,0.38765615969896317
686,2,2,0.34020429849624634
687,108,130,0.34042296753479884
688,168,264,0.3365140479961128
689,16,16,0.33080094307661057
690,4,4,0.25456637516617775
691,96,131,0.36169184710233265
692,4,4,1.2273108661174774
693,378,525,0.9421165163744064
694,20,33,0.5661656395955519
695,8,8,0.5223837606608868
696,8,8,0.4910972733050585
697,673,1056,0.4359730381067052
698,333,494,0.414086235619267
699,6,17,0.4502347769106136
700,4,4,0.40914735943078995
701,8,8,0.4621630609035492
702,160,265,1.386257735288368
703,68,134,1.1080011067105764
704,8,8,0.882139042019844
705,4,4,0.7200186550617218
706,669,1057,0.569197529396474
707,8,8,0.2723128981888294
708,16,16,0.34954322315752506
709,300,532,0.44983000551959623
710,268,535,0.4587961426405149
711,16,16,0.4643536973744631
712,388,524,1.0808589832700846
713,22,33,0.5661553036082875
714,382,524,0.46115911860047404
715,52,65,0.43029955602609193
716,22,33,0.44982949847524817
717,174,264,0.4153679705817591
718,6,17,0.3499191079069586
719,16,16,0.34023564122617245
720,731,1050,0.3846745472153028
721,593,1063,0.4739472124224436
722,725,1051,0.7637457652363064
723,192,262,0.33922396662808557
724,54,65,0.3473311165204415
725,74,133,0.38117945171836626
726,82,132,0.3714823681070949
727,741,1049,0.3873565167018183
728,172,264,0.4356728737440073
729,16,16,0.3322385447099805
730,2,2,0.31782403588294983
731,22,33,0.3785465707381566
732,198,261,1.2742797869375382
733,2,2,0.734433114528656
734,-2,9,1.0048795143763225
735,34,67,0.764253715970623
736,20,33,0.7446255828395034
737,2,2,0.7908490002155304
738,22,33,0.7454893552895748
739,16,16,0.6755057796835899
740,116,129,0.5823370590228443
741,82,132,0.5221937736778548
742,162,265,0.9888793976801746
743,22,33,0.7186511619524523
744,2,2,0.7140833139419556
745,66,134,0.6010741893924884
746,4,4,0.41382455080747604
747,2,2,0.5210168957710266
748,733,1050,0.410579051957244
749,64,64,0.3897350139450282
750,168,264,0.38287258484033926
751,16,16,0.3726427322253585
752,8,8,1.8850404471158981
753,84,132,1.5094241983059682
754,168,264,0.9179138664269086
755,64,64,0.6704296804964542
756,42,78,0.6082243556395556
757,34,67,0.5774674344418654
758,86,132,1.2379252585497769
759,398,523,0.8517534410577431
760,178,263,0.6033310937224232
761,296,532,0.43264781243931083
762,8,8,1.1738785952329636
763,713,1052,0.7544045868000376
764,172,264,0.4363688745846351
765,4,4,0.37957724928855896
766,22,68,0.41094177939436016
767,2,2,0.2934030666947365
768,2,2,0.35867534577846527
769,20,33,0.40469111231240357
770,2,2,0.6936281323432922
771,34,67,0.4871408652458618
772,629,1060,0.7686110520700239
773,4,4,0.3978103697299957
774,348,527,0.43379748322818945
775,22,33,0.5150637021570494
776,8,8,0.47870904952287674
777,156,266,0.43927589770322456
778,4,4,0.5313379317522049
779,2,2,0.4878787100315094
780,82,132,0.43457511406053195
781,4,4,0.3896646723151207
782,16,16,1.69722181558609
783,8,8,2.0300643295049667
784,202,261,1.334605323400534
785,8,8,0.9183095246553421
786,4,4,0.9345783889293671
787,657,1058,0.5947660012117857
788,130,268,0.4583223653373434
789,2,2,0.49442964792251587
790,4,4,0.47937534004449844
791,4,4,0.6654982641339302
792,697,1054,0.8780666769427412
793,4,4,0.49258118122816086
794,2,2,0.4763544499874115
795,2,2,0.8801257312297821
796,16,16,0.4706109091639519
797,2,2,0.4678836315870285
798,685,1053,0.5245990936572735
799,32,32,0.6018513236194849
800,32,32,0.5194273386150599
801,2,2,0.6344519555568695
802,16,16,1.5689214766025543
803,104,130,1.642022842168808
804,158,265,1.1141319396360865
805,44,66,0.8100314325455463
806,16,16,0.7564179264008999
807,689,1054,0.5513543440930305
808,16,16,0.40790779422968626
809,4,4,0.3653641790151596
810,2,2,0.5865679085254669
811,94,131,0.462435565832007
812,40,66,1.7556494131232754
813,32,32,1.6202606186270714
814,44,66,1.5540943416682156
815,667,1056,0.7898899538470714
816,92,131,0.5276564168566056
817,16,16,0.46514817513525486
818,4,4,0.650306262075901
819,2,2,0.8004001677036285
820,44,66,0.5810354604865565
821,2,2,0.33937768638134
822,2,2,1.6771649718284607
823,54,65,1.8067867113993719
824,2,2,1.5015934109687805
825,2,2,1.5730615258216858
826,184,263,1.3780726099195588
827,4,4,1.1425332129001617
828,104,130,0.9917355464054988
829,332,529,0.6843222323347354
830,657,1058,0.6045691907574865
831,348,527,0.5674419182810431
832,342,528,1.4903775630801013
833,4,4,0.9336755275726318
834,4,4,0.8816242069005966
835,22,33,0.8275030381751783
836,354,526,0.6883748849648487
837,178,263,0.5426371052804555
838,64,134,0.6597115810015308
839,20,68,0.5542039735352292
840,4,4,0.6596802920103073
841,174,264,0.6829323283763546
842,18,33,2.109570943947994
843,172,264,1.724503609041373
844,631,1059,0.8084875006401054
845,4,4,0.6898234263062477
846,32,32,0.5929449135437608
847,16,16,0.6439033858478069
848,16,16,0.47943897917866707
849,76,133,0.7432217471357575
850,16,16,0.5496009681373835
851,22,33,0.7295887948888721
852,4,17,2.691912559901967
853,2,2,1.94935804605484
854,54,65,2.4661093638493465
855,22,33,2.0298339146556277
856,16,16,1.9849234893918037
857,22,68,2.0188946268137764
858,360,526,1.2634886877165095
859,2,2,0.9608160555362701
860,388,523,0.753012398460855
861,16,16,0.5680806264281273
862,52,65,2.3264747307850766
863,30,67,2.371748600433122
864,52,65,1.8438539505004883
865,322,530,1.31769292230876
866,342,527,0.8599806518437062
867,310,531,0.8080851576254193
868,8,8,0.8619613125920296
869,677,1055,0.8703615110067394
870,44,66,1.0399745662104
871,84,132,0.761512532378688
872,256,536,2.2123139899835658
873,34,67,1.2956407408216106
874,16,16,1.2337745800614357
875,2,2,1.0643805861473083
876,4,4,1.2706044912338257
877,8,8,1.317411795258522
878,170,264,1.0146190012720497
879,16,16,1.0943182595074177
880,699,1053,0.8084104986328912
881,318,530,0.7908424186256696
882,44,66,3.011920538815585
883,162,265,2.263948297050764
884,22,33,1.7684488729997114
885,44,66,1.5200873631419558
886,16,16,1.328130330890417
887,22,33,1.4977748863624805
888,192,262,1.2082520661918261
889,8,8,1.0822231993079185
890,627,1061,0.9019591460297627
891,34,67,0.7191713105386762
892,94,131,3.198371124631576
893,4,4,2.1400747895240784
894,304,531,1.5709265613623258
895,82,132,1.0921992246400227
896,16,16,1.0129435285925865
897,8,8,0.7065157108008862
898,148,266,0.9262046658230904
899,16,16,0.9997533243149519
900,16,16,1.052475467324257
901,274,535,0.9256615561302577
902,42,66,3.1233487436265657
903,172,264,2.3293881048307274
904,88,132,1.89407929687789
905,2,2,1.5957785248756409
906,32,32,1.66303570009768
907,110,270,1.4218516647815704
908,68,133,1.1498248819121741
909,42,66,1.2253076325763355
910,88,132,1.006584780008504
911,4,4,1.467007428407669
912,4,4,2.9447514414787292
913,8,8,3.5204546451568604
914,22,33,3.1912291989181982
915,8,8,2.9341708719730377
916,16,16,2.6684631407260895
917,54,65,2.7417904413663425
918,42,66,2.403603454430898
919,16,16,2.2545009702444077
920,74,133,1.87515260805761
921,168,264,1.4883813858032227
922,22,33,3.27486270124262
923,6,17,2.7262731510050155
924,146,266,2.448186323158723
925,82,132,1.6721137274395337
926,64,64,1.4531979532912374
927,755,1047,1.0922799916811636
928,40,66,1.2798106200767285
929,657,1057,1.0389980599072708
930,286,533,1.1140618539549845
931,264,535,1.0828601002136125
932,44,66,3.9106862581137456
933,318,530,2.3207342756244373
934,22,33,1.2744555834567908
935,2,2,0.7862070798873901
936,146,266,1.1014324754924703
937,104,130,1.14127700649775
938,22,33,1.0677158922860117
939,16,16,0.9204489029943943
940,20,33,1.043926062005939
941,66,134,1.0549485812436288
942,2,2,3.5112931728363037
943,96,131,3.5354700197700324
944,32,32,2.786614488810301
945,8,8,2.8194077759981155
946,8,8,2.489622265100479
947,649,1059,1.5195779324534706
948,32,67,1.1297431250116718
949,214,260,1.0223574590224487
950,661,1058,0.9744599334515336
951,16,16,1.313973855227232
952,84,132,3.7795253377972227
953,2,2,3.3427228927612305
954,691,1054,1.717924716124272
955,398,522,1.027170038542985
956,4,4,0.7850694209337234
957,4,4,0.5790598392486572
958,72,133,0.9545903057980358
959,601,1064,1.0503017974639297
960,4,4,1.5710452273488045
961,146,266,1.1273268214742045
962,2,2,5.145525932312012
963,278,534,2.8794075930386445
964,180,263,1.4189989034213948
965,4,4,1.5394642055034637
966,22,33,1.2488379857756875
967,302,532,1.157499371558652
968,6,17,1.3111517850090475
969,160,265,0.9340316307994555
970,154,265,1.188995730764461
971,320,530,1.1489859898697654
972,2,2,4.854173183441162
973,2,2,3.5250651836395264
974,332,529,2.9809731787003733
975,32,32,1.6713908538222313
976,32,32,1.8303138073533773
977,655,1058,1.3221752892313472
978,88,132,1.0660391411546506
979,94,270,1.1857946384836127
980,16,16,1.474708866328001
981,318,530,1.776467578028733
982,2,2,4.66381049156189
983,8,8,5.0977137088775635
984,675,1056,2.2761351230808278
985,86,132,1.4238532402298667
986,8,8,0.964106522500515
987,2,2,0.7530793249607086
988,22,33,1.2076516115304194
989,22,33,1.0321607463287585
990,160,265,1.3353424414148871
991,42,66,1.6558581012668032
992,22,33,3.92070670561357
993,42,136,3.7947972039966023
994,2,2,2.5629857778549194
995,74,133,3.0684406676686797
996,2,35,2.6677347115107946
997,32,32,2.3880207166075706
998,86,132,2.1065906367518683
999,4,4,2.4457892179489136
1000,42,66,1.833734797708916
